112,Acura,TL,2008,6
113,Acura,Tsx sportwagon,2012,6
124,Jeep,Wrangler,2015,6
126,Volkswagen,Eos,2010,6
127,Acura,Tsx,2013,6
128,Infiniti,G37,2010,6
13,Honda,Civic 1.5t,2016,6
142,Toyota,Supra,1993,6
15,Audi,S4,2014,6
158,Nissan,350z,2007,6
161,Nissan,370z,2012,6
178,Honda,Oddesy,2009,6
23,Subaru,Legacy,1998,6
31,Honda,Fit,2007,6
50,Acura,TLX,2015,6
65,Honda,Fit,2009,6
83,Honda,Accord,2014,6
91,Mitsu,Lancer,2010,6
103,Acura,Tsx,2010,4
1051,Acura,Tsx,2006,4
106,Acura,Tl type s,2007,4
110,Toyota,Camry,2011,4
111,Bmw,328i,2007,4
115,Honda,Crv,2001,4
116,Audi,A4,2008,4
118,Honda,Civic,1993,4
12,Nissan,240,1990,4
121,Acura,TL,2012,4
122,Infiniti,M37s,2011,4
123,Lexus,Sc430,2006,4
156,Volkswagen,Gli,2014,4
170,Chevy,Cruze,2014,4
175,Honda,Civic,2006,4
176,Mitsu,Lancer,2014,4
180,Volkswagen,Gti,2011,4
21,Subaru,WRX,2009,4
216,Chrystler,300,2007,4
218,Chevy,Camaro,2010,4
222,Lexus,Is250,2015,4
225,Acura,TLX,2016,4
228,Nissan,370,2010,4
25,Mercedes,C250,2012,4
3,Nissan,370,2011,4
30,Hyundai,Celoster,2012,4
33,Subaru,Sti,2015,4
35,Honda,Civic,2016,4
36,Subaru,WRX,2016,4
37,Subaru,Sti,2015,4
39,Honda,Civic,2011,4
43,Toyota,4 Runner,2011,4
48,Acura,TLX,2015,4
49,Acura,Integra,1997,4
5,Acura,Rsx,2003,4
53,Subaru,WRX,2013,4
57,Scion,Frs,2015,4
6,Volkswagen,Golf r,2016,4
63,Honda,Civic,2010,4
7,Nissan,Sentra,2014,4
8,Nissan,Skyline,1991,4
85,Honda,Accord,2017,4
88,Honda,Accord,2008,4
9,Nissan,240,1996,4
99,Honda,Civic si,2014,4
10,Nissan,S15,2001,2
102,Honda,Accord,2015,2
104,Honda,Civic si,2014,2
108,Audi,S4,2013,2
11,Nissan,Skyline,1991,2
114,Volkswagen,Gti,2010,2
120,Ford,Focus st,2014,2
134,Subaru,WRX,2013,2
14,Nissan,Skyline,1990,2
141,Mazda,Miata,1993,2
144,Volkswagen,Gti,2016,2
145,Volkswagen,Gti,1990,2
150,Nissan,350z,2006,2
153,Subaru,Brz,2017,2
162,Nissan,370z,2014,2
163,Mitsu,Ralliart,2013,2
167,Ford,Mystang,2016,2
17,Mercedes,C43,2016,2
177,Volkswagen,Jetta gli,2005,2
179,Volkswagen,R32,2004,2
18,Audi,S3,2015,2
181,Volkswagen,Gti,2003,2
182,Volkswagen,Cc,2012,2
183,Volkswagen,Jetta,2005,2
187,Subaru,Legacy,2007,2
189,Toyota,Fj cruiser,2012,2
19,Mitsu,Evo7,2001,2
193,Nissan,Ssntra,2014,2
2,Bmw,M2,2016,2
20,Infiniti,G37,2009,2
200,Subaru,WRX,2016,2
22,Honda,Civic,2007,2
220,Audi,A4,2004,2
230,Acura,Tsx,2004,2
235,Scion,Frs,2013,2
238,Volkswagen,Rabbit,1982,2
24,Subaru,BRZ,2013,2
241,Toyota,Camry,2007,2
242,Nissan,Maxima,2014,2
41,Acura,Tsx,2012,2
4341,Nissan,Rps13,1992,2
44,Honda,Civic si,2018,2
45,Acura,TL,2006,2
51,Subaru,WRX,2015,2
52,Mazda,Speed 3,2007,2
56,Volkswagen,Jetta,2009,2
67,Subaru,Sti,2015,2
68,Nissan,Altima,2013,2
74,Honda,Accord,2015,2
79,Mazda,Miata,1993,2
84,Mercedes,Cl63amg,2012,2
89,Honda,Civic si,2014,2
94,Volkswagen,Gti,2004,2
96,Volkswagen,Gti,2017,2
98,Mercedes,C63,2012,2
0,Chevy,Camaro,2015,0
1,Subaru,WRX,2012,0
100,Volvo,S60r,2006,0
101,Honda,Civic,2014,0
130,Honda,Civic si,2016,0
137,Ford,Focus rs,2017,0
138,Mazda,Miata,1990,0
140,Mitsu,Evo8,1995,0
159,Hyundai,Gen coupe,2013,0
16,Nissan,350z,2008,0
172,Bmw,4,2014,0
174,Acura,Rsx,2006,0
184,Volkswagen,Cc,2010,0
185,Volkswagen,Jett,2013,0
186,Volkswagen,Gli,2012,0
190,Lexus,Sc300,1995,0
197,Audi,A4,2010,0
207,Honda,Civic eG,1993,0
211,Acura,Tsx,2004,0
212,Lexus,Is300,2001,0
219,Ford,Focus rs,2016,0
226,Honda,Accord,2008,0
232,Subaru,WRX,2018,0
237,Volkswagen,Jetta,1987,0
243,Toyota,Matrix,2008,0
28,Bmw,318xi,1995,0
34,Honda,Fit,2010,0
38,Hyundai,Elantra sport,2017,0
4,Honda,Civic,2007,0
40,Subaru,Legacy,2007,0
42,Dodge,Viper,2001,0
46,Volkswagen,R32,2008,0
59,Volkswagen,Golf,2012,0
64,Subaru,Forester,2004,0
66,Volkswagen,Gti,2010,0
69,Subaru,WRX,2018,0
70,Honda,Civic,2014,0
71,Acura,TL,2008,0
72,Honda,Civic si,2016,0
75,Subaru,WRX,2012,0
76,Subaru,Sti,2005,0
78,Mazda,6,2015,0
81,Volkswagen,GTI,2016,0
86,Volkswagen,Jetta,1996,0
92,Hyundai,Elantra sport,2017,0
93,Acura,TL,2005,0
95,Infiniti,G35,2004,0
Vip,Volkswagen,Gli,2008,0
