1,2006,Volvo,S60r
1,2010,Volkswagen,Eos
2,2011,Volkswagen,Gti
3,2014,Volkswagen,Gli
1,1993,Toyota,Supra
2,2011,Toyota,Camry
3,2011,Toyota,4 Runner
1,2016,Subaru,WRX
2,2015,Subaru,Sti
3,2009,Subaru,WRX
1,2015,Scion,Frs
2,2013,Scion,Frs
1,2010,Nissan,370
2,2011,Nissan,370
3,2012,Nissan,370z
1,2010,Mitsu,Lancer
2,1995,Mitsu,Evo8
3,2001,Mitsu,Evo7
1,2012,Mercedes,C250
2,2012,Mercedes,Cl63amg
3,2016,Mercedes,C43
1,2007,Mazda,Speed 3
2,2015,Mazda,6
3,1993,Mazda,Miata
1,2006,Lexus,Sc430
2,2015,Lexus,Is250
3,1995,Lexus,Sc300
1,2015,Jeep,Wrangler
1,2010,Infiniti,G37
2,2011,Infiniti,M37s
3,2009,Infiniti,G37
1,2012,Hyundai,Celoster
2,2017,Hyundai,Elantra sport
3,2017,Hyundai,Elantra sport
1,2014,Honda,Accord
2,2009,Honda,Fit
3,2007,Honda,Fit
1,2017,Ford,Focus rs
2,2014,Ford,Focus st
3,2016,Ford,Focus rs
1,2001,Dodge,Viper
1,2007,Chrystler,300
1,2010,Chevy,Camaro
2,2014,Chevy,Cruze
3,2015,Chevy,Camaro
1,2016,Bmw,M2
2,2014,Bmw,4
3,2007,Bmw,328i
1,2014,Audi,S4
2,2015,Audi,S3
3,2008,Audi,A4
1,2012,Acura,Tsx sportwagon
2,2008,Acura,TL
3,2015,Acura,TLX
